believe,cher
no scrubs,tlc
angel of mine,monica
heartbreak hotel,whitney houston featuring faith evans and kelly price
baby one more time,britney spears
kiss me,sixpence none the richer
genie in a bottle,christina aguilera
every morning,sugar ray
nobodys supposed to be here,deborah cox
livin la vida loca,ricky martin
where my girls at,702
if you had my love,jennifer lopez
slide,goo goo dolls
have you ever,brandy
i want it that way,backstreet boys
im your angel,r kelly and celine dion
all star,smash mouth
angel,sarah mclachlan
smooth,santana featuring rob thomas
unpretty,tlc
bills bills bills,destinys child
save tonight,eagleeye cherry
last kiss,pearl jam
fortunate,maxwell
all i have to give,backstreet boys
bailamos,enrique iglesias
whats it gonna be,busta rhymes featuring janet
what its like,everlast
fly away,lenny kravitz
someday,sugar ray
lately,divine
that dont impress me much,shania twain
wild wild west,will smith featuring dru hill and kool moe dee
scar tissue,red hot chili peppers
heartbreaker,mariah carey featuring jayz
i still believe,mariah carey
the hardest thing,98 degrees
summer girls,lfo
can i get a,jayz featuring amil and ja rule
jumper,third eye blind
doo wop that thing,lauryn hill
mambo no 5,lou bega
sweet lady,tyrese
its not right but its okay,whitney houston
god must have spent a little more time on you,n sync
lullaby,shawn mullins
anywhere,112 featuring lil zane
tell me its real,kci  jojo
back 2 good,matchbox 20
808,blaque
shes so high,tal bachman
shes all i ever had,ricky martin
miami,will smith
hands,jewel
who dat,jt money featuring sole
please remember me,tim mcgraw
from this moment on,shania twain
love like this,faith evans
you,jesse powell
trippin,total featuring missy elliott
if you,silk
exfactor,lauryn hill
give it to you,jordan knight
black balloon,goo goo dolls
spend my life with you,eric benet featuring tamia
these are the times,dru hill
i dont want to miss a thing,mark chesnutt
i do cherish you,98 degrees
because of you,98 degrees
one,creed
chantes got a man,chante moore
happily ever after,case
my love is your love,whitney houston
all night long,faith evans featuring puff daddy
back that azz up,juvenile featuring mannie fresh and lil wayne
almost doesnt count,brandy
man i feel like a woman,shania twain
steal my sunshine,len
i need to know,marc anthony
so anxious,ginuwine
faded pictures,case featuring joe
back at one,brian mcknight
when a womans fed up,r kelly
how forever feels,kenny chesney
amazed,lonestar
sometimes,britney spears
ghetto cowboy,mo thugs
out of my head,fastball
hard knock life ghetto anthem,jayz
jamboree,naughty by nature featuring zhane
take me there,blackstreet featuring m'ya mase and blinky blink
stay the same,joey mcintyre
a lesson in leavin,jo dee messina
iris,goo goo dolls
satisfy you,puff daddy featuring r kelly
better days and the bottom drops out,citizen king
music of my heart,n sync and gloria estefan
write this down,george strait
when you believe,whitney houston and mariah carey
god must have spent a little more time on you,alabama and n sync
breathe,faith hill
smooth,santana featuring rob thomas
maria maria,santana featuring the product gb
i wanna know,joe
everything you want,vertical horizon
say my name,destinys child
i knew i loved you,savage garden
amazed,lonestar
bent,matchbox twenty
he wasnt man enough,toni braxton
higher,creed
try again,aaliyah
jumpin jumpin,destinys child
thong song,sisqo
kryptonite,3 doors down
there you go,pink
music,madonna
doesnt really matter,janet jackson
what a girl wants,christina aguilera
back at one,brian mcknight
bye bye bye,n sync
you sang to me,marc anthony
i need to know,marc anthony
get it on tonite,montell jordan
incomplete,sisqo
i try,macy gray
its gonna be me,n sync
thats the way it is,celine dion
country grammar hot shit,nelly
bring it all to me,blaque
show me the meaning of being lonely,backstreet boys
hot boyz,missy elliott featuring nas eve and qtip
back here,bbmak
it feels so good,sonique
absolutely story of a girl,nine days
with arms wide open,creed
be with you,enrique iglesias
come on over baby all i want is you,christina aguilera
no more,ruff endz
all the small things,blink 182
the way you love me,faith hill
i turn to you,christina aguilera
never let you go,third eye blind
i need you,leann rimes
thank god i found you,mariah carey featuring joe and 98 degrees
lets get married,jagged edge
my love is your love,whitney houston
then the morning comes,smash mouth
blue da ba dee,eiffel 65
desert rose,sting featuring cheb mami
the real slim shady,eminem
most girls,pink
wifey,next
wonderful,everclear
oops i did it again,britney spears
i wanna love you forever,jessica simpson
give me just one night una noche,98 degrees
take a picture,filter
otherside,red hot chili peppers
big pimpin,jayz featuring ugk
a puro dolor,son by four
he cant love u,jagged edge
separated,avant
i wish,carl thomas
u know whats up,donell jones
faded,souldecision featuring thrust
only god knows why,kid rock
shake ya ass,mystikal
bag lady,erykah badu
meet virginia,train
party up up in here,dmx
case of the ex,m'ya
forgot about dre,dr dre featuring eminem
thats the way,jo dee messina
swear it again,westlife
the next episode,dr dre featuring snoop dogg
from the bottom of my broken heart,britney spears
crash and burn,savage garden
yes,chad brock
the best day,george strait
where i wanna be,donell jones
how do you like me now,toby keith
my best friend,tim mcgraw
broadway,goo goo dolls
whatchu like,da brat featuring tyrese
dont think im not,kandi
i hope you dance,lee ann womack
better off alone,alice deejay
dance with me,debelah morgan
what about now,lonestar
i like it,sammie
247,kevon edmonds
girl on tv,lfo
bounce with me,lil bow wow featuring xscape
cowboy take me away,dixie chicks
i dont wanna,aaliyah
independent women,destinys child
gotta tell you,samantha mumba
waiting for tonight,jennifer lopez
shackles praise you,mary mary
hanging by a moment,lifehouse
fallin,alicia keys
all for you,janet
drops of jupiter tell me,train
im real,jennifer lopez featuring ja rule
if youre gone,matchbox twenty
let me blow ya mind,eve featuring gwen stefani
thank you,dido
again,lenny kravitz
independent women,destinys child
hit em up style oops,blu cantrell
it wasnt me,shaggy featuring rikrok
stutter,joe featuring mystikal
its been awhile,staind
u remind me,usher
where the party at,jagged edge featuring nelly
angel,shaggy
ride wit me,nelly featuring city spud
follow me,uncle kracker
peaches  cream,112
drive,incubus
what would you do,city high
survivor,destinys child
lady marmalade,christina aguilera lil kim m'ya and pink
ms jackson,outkast
love dont cost a thing,jennifer lopez
the way you love me,faith hill
he loves u not,dream
butterfly,crazy town
put it on me,ja rule featuring lil mo and vita
family affair,mary j blige
i hope you dance,lee ann womack
south side,moby featuring gwen stefani
dont tell me,madonna
get ur freak on,missy elliott
crazy,kci  jojo
fill me in,craig david
someone to call my lover,janet
with arms wide open,creed
case of the ex,m'ya
all or nothing,otown
bootylicious,destinys child
im like a bird,nelly furtado
kryptonite,3 doors down
fiesta,r kelly featuring jayz
when its over,sugar ray
jaded,aerosmith
promise,jagged edge
missing you,case
differences,ginuwine
this i promise you,n sync
izzo hova,jayz
superwoman pt ii,lil mo featuring fabolous
crazy for this girl,evan and jaron
nobody wants to be lonely,ricky martin and christina aguilera
i just wanna love u give it 2 me,jayz
one minute man,missy elliott featuring ludacris
danger been so long,mystikal featuring nivea
only time,enya
i do,toya
never had a dream come true,s club 7
stranger in my house,tamia
irresistible,jessica simpson
heard it all before,sunshine anderson
the space between,dave matthews band
there youll be,faith hill
love,musiq soulchild
its over now,112
no more baby ima do right,3lw
turn off the light,nelly furtado
aint nothing bout you,brooks  dunn
play,jennifer lopez
im already there,lonestar
my baby,lil romeo
beautiful day,u2
austin,blake shelton
southern hospitality,ludacris
grown men dont cry,tim mcgraw
livin it up,ja rule featuring case
loverboy,mariah carey featuring cameo
contagious,the isley brothers featuring r kelly and chante moore
who i am,jessica andrews
music,erick sermon featuring marvin gaye
i wanna be bad,willa ford
dont happen twice,kenny chesney
one more day,diamond rio
i wish,r kelly
its a great day to be alive,travis tritt
im a thug,trick daddy
heres to the night,eve 6
you shouldnt kiss me like this,toby keith
get over yourself,edens crush
dance with me,debelah morgan
so fresh so clean,outkast
ei,nelly
be like that,3 doors down
most girls,pink
oochie wally,nas and bravehearts
hero,enrique iglesias
hemorrhage in my hands,fuel
how you remind me,nickelback
foolish,ashanti
hot in herre,nelly
dilemma,nelly featuring kelly rowland
wherever you will go,the calling
a thousand miles,vanessa carlton
in the end,linkin park
whats luv,fat joe featuring ashanti
u got it bad,usher
blurry,puddle of mudd
complicated,avril lavigne
always on time,ja rule featuring ashanti
aint it funny,jennifer lopez featuring ja rule
the middle,jimmy eat world
i need a girl part one,p diddy featuring usher and loon
u dont have to call,usher
family affair,mary j blige
i need a girl part two,p diddy featuring ginuwine loon and mario winans
gangsta lovin,eve featuring alicia keys
my sacrifice,creed
without me,eminem
hero,enrique iglesias
all you wanted,michelle branch
get the party started,pink
hero,chad kroeger featuring josey scott
wasting my time,default
one last breath,creed
whenever wherever,shakira
im gonna be alright,jennifer lopez featuring nas
oh boy,camron featuring juelz santana
heaven,dj sammy featuring yanou and do
hey baby,no doubt featuring bounty killer
girlfriend,n sync featuring nelly
just a friend 2002,mario
soak up the sun,sheryl crow
dont let me get me,pink
nothin,nore
oops oh my,tweet featuring missy elliott
a moment like this,kelly clarkson
addictive,truth hurts featuring rakim
happy,ashanti
no such thing,john mayer
just like a pill,pink
down 4 u,ja rule featuring ashanti charli baltimore and vita
cant get you out of my head,kylie minogue
superman its not easy,five for fighting
cleanin out my closet,eminem
halfcrazy,musiq soulchild
lights camera action,mr cheeks
still fly,big tymers
a womans worth,alicia keys
7 days,craig david
hey ma,camron featuring juelz santana and freekey zekey
work it,missy elliott
move bitch,ludacris featuring mystikal and i20
cant fight the moonlight,leann rimes
escape,enrique iglesias
more than a woman,aaliyah
hella good,no doubt
i love you,faith evans
gotta get thru this,daniel bedingfield
pass the courvoisier part ii,busta rhymes featuring p diddy and pharrell
lose yourself,eminem
butterflies,michael jackson
what about us,brandy
underneath your clothes,shakira
rainy dayz,mary j blige featuring ja rule
differences,ginuwine
if i could go,angie martinez featuring lil mo and sacario
the whole world,outkast featuring killer mike
underneath it all,no doubt featuring lady saw
caramel,city high featuring eve
luv u better,ll cool j
gimme the light,sean paul
gone,n sync
livin it up,ja rule featuring case
rollout my business,ludacris
here is gone,goo goo dolls
no more drama,mary j blige
days go by,dirty vegas
baby,ashanti
the good stuff,kenny chesney
we thuggin,fat joe featuring r kelly
good morning beautiful,steve holy
rock the boat,aaliyah
drive for daddy gene,alan jackson
standing still,jewel
anything,jaheim featuring next
full moon,brandy
uh huh,b2k
a new day has come,celine dion
turn off the light,nelly furtado
living and living well,george strait
my list,toby keith
hands clean,alanis morissette
sk8er boi,avril lavigne
long time gone,dixie chicks
where were you when the world stopped turning,alan jackson
like i love you,justin timberlake
i do,toya
in da club,50 cent
ignition remix,r kelly
get busy,sean paul
crazy in love,beyonce featuring jayz
when im gone,3 doors down
unwell,matchbox twenty
right thurr,chingy
miss you,aaliyah
picture,kid rock featuring sheryl crow
bring me to life,evanescence featuring paul mccoy
get low,lil jon  the east side boyz featuring ying yang twins
baby boy,beyonce featuring sean paul
shake ya tailfeather,nelly p diddy and murphy lee
21 questions,50 cent featuring nate dogg
all i have,jennifer lopez featuring ll cool j
beautiful,christina aguilera
i know what you want,busta rhymes and mariah carey featuring flipmode squad
im with you,avril lavigne
drift away,uncle kracker featuring dobie gray
magic stick,lil kim featuring 50 cent
pimp,50 cent
bump bump bump,b2k and p diddy
into you,fabolous featuring tamia
cant let you go,fabolous featuring lil mo and mike shorey
mesmerize,ja rule featuring ashanti
where is the love,the black eyed peas
the game of love,santana featuring michelle branch
lose yourself,eminem
rock wit u awww baby,ashanti
cry me a river,justin timberlake
how you gonna act like that,tyrese
rock your body,justin timberlake
no letting go,wayne wonder
frontin,pharrell featuring jayz
landslide,dixie chicks
work it,missy elliott
03 bonnie  clyde,jayz featuring beyonce
dont mess with my man,nivea featuring jagged edge
so gone,monica
air force ones,nelly featuring st lunatics
never leave you uh oooh uh oooh,lumidee
beautiful,snoop dogg featuring pharrell and charlie wilson
gossip folks,missy elliott featuring ludacris
miss independent,kelly clarkson
calling all angels,train
damn,youngbloodz featuring lil jon
this is the night,clay aiken
your body is a wonderland,john mayer
headstrong,trapt
in those jeans,ginuwine
stand up,ludacris featuring shawnna
the remedy i wont worry,jason mraz
why dont you  i,santana featuring alex band
excuse me miss,jayz
jenny from the block,jennifer lopez featuring jadakiss and styles p
are you happy now,michelle branch
forever and for always,shania twain
i can,nas
underneath it all,no doubt featuring lady saw
if youre not the one,daniel bedingfield
thoia thoing,r kelly
here without you,3 doors down
wanksta,50 cent
my love is likewo,m'ya
its five oclock somewhere,alan jackson featuring jimmy buffett
like glue,sean paul
cant hold us down,christina aguilera featuring lil kim
my front porch looking in,lonestar
angel,amanda perez
she hates me,puddle of mudd
dont wanna try,frankie j
the jump off,lil kim featuring mr cheeks
intuition,jewel
hell yeah,ginuwine featuring baby
beer for my horses,toby keith featuring willie nelson
holidae in,chingy featuring ludacris and snoop dogg
suga suga,baby bash featuring frankie j
love of my life an ode to hiphop,erykah badu featuring common
fighter,christina aguilera
thugz mansion,2pac
clocks,coldplay
put that woman first,jaheim
rain on me,ashanti
19 somethin,mark wills
cant stop wont stop,young gunz
red dirt road,brooks  dunn
what was i thinkin,dierks bentley
flying without wings,ruben studdard
sing for the moment,eminem
have you forgotten,darryl worley
no shoes no shirt no problems,kenny chesney
come over,aaliyah
sick of being lonely,field mob
step in the name of love,r kelly
i want you,thal'ia featuring fat joe
like a stone,audioslave
dont know why,norah jones
superman,eminem
real good man,tim mcgraw
say yes,floetry
yeah,usher featuring lil jon and ludacris
burn,usher
if i aint got you,alicia keys
this love,maroon 5
the way you move,outkast featuring sleepy brown
the reason,hoobastank
i dont wanna know,mario winans featuring enya and p diddy
hey ya,outkast
goodies,ciara featuring petey pablo
lean back,terror squad
tipsy,jkwon
confessions part ii,usher
slow motion,juvenile featuring soulja slim
freekaleek,petey pablo
here without you,3 doors down
slow jamz,twista featuring kanye west and jamie foxx
someday,nickelback
naughty girl,beyonce
my immortal,evanescence
sunshine,lil flip featuring lea
dirt off your shoulder,jayz
move ya body,nina sky
dip it low,christina milian
my boo,usher and alicia keys
one call away,chingy featuring jweav
me myself and i,beyonce
turn me on,kevin lyttle
the first cut is the deepest,sheryl crow
you dont know my name,alicia keys
my place,nelly featuring jaheim
overnight celebrity,twista
hotel,cassidy featuring r kelly
numb,linkin park
diary,alicia keys featuring tony toni tone
she will be loved,maroon 5
white flag,dido
heaven,los lonely boys
its my life,no doubt
pieces of me,ashlee simpson
leave get out,jojo
milkshake,kelis
splash waterfalls,ludacris
jesus walks,kanye west
locked up,akon featuring styles p
stand up,ludacris featuring shawnna
suga suga,baby bash featuring frankie j
all falls down,kanye west featuring syleena johnson
toxic,britney spears
salt shaker,ying yang twins featuring lil jon  the east side boyz
with you,jessica simpson
meant to live,switchfoot
i like that,houston featuring chingy nate dogg and i20
sorry 2004,ruben studdard
my happy ending,avril lavigne
on fire,lloyd banks
roses,outkast
walked outta heaven,jagged edge
lose my breath,destinys child
my band,d12
im still in love with you,sean paul featuring sasha
through the wire,kanye west
why,jadakiss
fuck it i dont want you back,eamon
read your mind,avant featuring snoop dogg
game over flip,lil flip
one thing,finger eleven
headsprung,ll cool j
damn,youngbloodz featuring lil jon
baby boy,beyonce featuring sean paul
get low,lil jon  the east side boyz featuring ying yang twins
drop it like its hot,snoop dogg featuring pharrell
u shouldve known better,monica
on the way down,ryan cabrera
breakaway,kelly clarkson
why dont you  i,santana featuring alex band
are you gonna be my girl,jet
100 years,five for fighting
step in the name of love,r kelly
breaking the habit,linkin park
gigolo,nick cannon featuring r kelly
live like you were dying,tim mcgraw
remember when,alan jackson
everytime,britney spears
southside,lloyd featuring ashanti
dude,beenie man
wanna get to know you,gunit featuring joe
holidae in,chingy featuring ludacris and snoop dogg
lets get it started,the black eyed peas
when the sun goes down,kenny chesney featuring uncle kracker
american soldier,toby keith
change clothes,jayz
dont tell me,avril lavigne
youll think of me,keith urban
happy people,r kelly
hey mama,the black eyed peas
over and over,nelly featuring tim mcgraw
redneck woman,gretchen wilson
just lose it,eminem
letters from home,john michael montgomery
i go back,kenny chesney
we belong together,mariah carey
hollaback girl,gwen stefani
let me love you,mario
since u been gone,kelly clarkson
1 2 step,ciara and missy elliott
gold digger,kanye west featuring jamie foxx
boulevard of broken dreams,green day
candy shop,50 cent featuring olivia
dont cha,the pussycat dolls featuring busta rhymes
behind these hazel eyes,kelly clarkson
disco inferno,50 cent
you and me,lifehouse
dont phunk with my heart,the black eyed peas
lose control,missy elliott featuring ciara and fatman scoop
shake it off,mariah carey
mr brightside,the killers
just a lil bit,50 cent
pon de replay,rihanna
how we do,the game featuring 50 cent
beverly hills,weezer
oh,ciara featuring ludacris
lonely no more,rob thomas
drop it like its hot,snoop dogg featuring pharrell
hate it or love it,the game featuring 50 cent
lovers  friends,lil jon featuring usher and ludacris
soldier,destinys child featuring ti and lil wayne
breakaway,kelly clarkson
switch,will smith
let me hold you,bow wow featuring omarion
like you,bow wow featuring ciara
rich girl,gwen stefani featuring eve
my humps,the black eyed peas
obsession no es amor,frankie j featuring baby bash
caught up,usher
listen to your heart,dht featuring edmee
scars,papa roach
feel good inc,gorillaz
let me go,3 doors down
holiday,green day
sugar were goin down,fall out boy
grind with me,pretty ricky
run it,chris brown featuring juelz santana
photograph,nickelback
lonely,akon
collide,howie day
wake me up when september ends,green day
slow down,bobby valentino
over and over,nelly featuring tim mcgraw
some cut,trillville featuring cutty
get it poppin,fat joe featuring nelly
play,david banner
soul survivor,young jeezy featuring akon
pimpin all over the world,ludacris featuring bobby valentino
my boo,usher and alicia keys
sugar gimme some,trick daddy featuring ludacris lil kim and cee lo green
karma,alicia keys
speed of sound,coldplay
i dont want to be,gavin degraw
mockingbird,eminem
la tortura,shakira featuring alejandro sanz
she will be loved,maroon 5
baby im back,baby bash featuring akon
wait the whisper song,ying yang twins
incomplete,backstreet boys
bring em out,ti
cater 2 u,destinys child
1 thing,amerie
best of you,foo fighters
its like that,mariah carey
goin crazy,natalie
inside your heaven,carrie underwood
because of you,kelly clarkson
truth is,fantasia
your body,pretty ricky
beautiful soul,jesse mccartney
cool,gwen stefani
get back,ludacris
outta control,50 cent featuring mobb deep
u dont know me,ti
these words,natasha bedingfield
dont lie,the black eyed peas
get right,jennifer lopez
daughters,john mayer
as good as i once was,toby keith
girlfight,brooke valentine featuring lil jon and big boi
lose my breath,destinys child
ordinary people,john legend
we be burnin,sean paul
just the girl,the click five
TRUE,ryan cabrera
o,omarion
back then,mike jones
numbencore,jayz and linkin park
wonderful,ja rule featuring r kelly and ashanti
im sprung,tpain
chariot,gavin degraw
u already know,112 featuring foxy brown
mississippi girl,faith hill
number one spot,ludacris
give me that,webbie featuring bun b
bad day,daniel powter
temperature,sean paul
promiscuous,nelly furtado featuring timbaland
youre beautiful,james blunt
hips dont lie,shakira featuring wyclef jean
unwritten,natasha bedingfield
crazy,gnarls barkley
ridin,chamillionaire featuring krayzie bone
sexyback,justin timberlake featuring timbaland
check on it,beyonce featuring slim thug
be without you,mary j blige
grillz,nelly paul wall and ali  gipp
over my head cable car,the fray
me  u,cassie
buttons,pussycat dolls featuring snoop dogg
run it,chris brown featuring juelz santana
so sick,neyo
its goin down,yung joc featuring nitti
sos,rihanna
i write sins not tragedies,panic at the disco
move along,the allamerican rejects
london bridge,fergie
dani california,red hot chili peppers
snap yo fingers,lil jon featuring e40 and sean paul
lean wit it rock wit it,dem franchize boyz
what hurts the most,rascal flatts
how to save a life,the fray
unfaithful,rihanna
chasing cars,snow patrol
lips of an angel,hinder
everytime we touch,cascada
aint no other man,christina aguilera
dance dance,fall out boy
gold digger,kanye west featuring jamie foxx
money maker,ludacris featuring pharrell
ms new booty,bubba sparxxx featuring ying yang twins
when you gonna give it up to me,sean paul featuring keyshia cole
photograph,nickelback
because of you,kelly clarkson
stickwitu,pussycat dolls
im n luv wit a stripper,tpain featuring mike jones
my humps,the black eyed peas
whered you go,fort minor featuring holly brook and jonah matranga
yo excuse me miss,chris brown
walk away,kelly clarkson
laffy taffy,d4l
what you know,ti
dirty little secret,the allamerican rejects
savin me,nickelback
dont forget about us,mariah carey
sexy love,neyo
u and dat,e40 featuring tpain and kandi girl
far away,nickelback
whats left of me,nick lachey
so what,field mob featuring ciara
do it to it,cherish featuring sean p
black horse and the cherry tree,kt tunstall
there it go the whistle song,juelz santana
shoulder lean,young dro featuring ti
unpredictable,jamie foxx featuring ludacris
my love,justin timberlake featuring ti
shake that,eminem featuring nate dogg
pullin me back,chingy featuring tyrese
bossy,kelis featuring too short
chain hang low,jibbs
smack that,akon featuring eminem
one wish,ray j
sugar were goin down,fall out boy
gimme that,chris brown featuring lil wayne
i know you see it,yung joc
who says you cant go home,bon jovi featuring jennifer nettles
too little too late,jojo
touch it,busta rhymes
rompe,daddy yankee
dej`a vu,beyonce featuring jayz
life is a highway,rascal flatts
call me when youre sober,evanescence
jesus take the wheel,carrie underwood
show stopper,danity kane featuring yung joc
get up,ciara featuring chamillionaire
we be burnin,sean paul
hate me,blue october
you and me,lifehouse
beep,pussycat dolls featuring william
i think they like me,dem franchize boyz featuring jermaine dupri da brat and bow wow
say goodbye,chris brown
waiting on the world to change,john mayer
soul survivor,young jeezy featuring akon
pump it,the black eyed peas
when im gone,eminem
hung up,madonna
stay fly,three 6 mafia featuring young buck and 8ball  mjg
love,keyshia cole
when youre mad,neyo
why you wanna,ti
stupid girls,pink
feel good inc,gorillaz
im sprung,tpain
do i make you proud,taylor hicks
for you i will confidence,teddy geiger
irreplaceable,beyonce
umbrella,rihanna featuring jayz
the sweet escape,gwen stefani featuring akon
big girls dont cry,fergie
buy u a drank shawty snappin,tpain featuring yung joc
before he cheats,carrie underwood
hey there delilah,plain white ts
i wanna love you,akon featuring snoop dogg
say it right,nelly furtado
glamorous,fergie featuring ludacris
dont matter,akon
girlfriend,avril lavigne
makes me wonder,maroon 5
party like a rockstar,shop boyz
smack that,akon featuring eminem
this is why im hot,mims
its not over,daughtry
the way i are,timbaland featuring keri hilson
fergalicious,fergie featuring william
crank that soulja boy,soulja boy tell em
give it to me,timbaland featuring nelly furtado and justin timberlake
what goes around comes around,justin timberlake
cupids chokehold,gym class heroes featuring patrick stump
how to save a life,the fray
home,daughtry
my love,justin timberlake featuring ti
stronger,kanye west
we fly high,jim jones
u  ur hand,pink
walk it out,unk
beautiful girls,sean kingston
this aint a scene its an arms race,fall out boy
bartender,tpain featuring akon
pop lock  drop it,huey
runaway love,ludacris featuring mary j blige
rockstar,nickelback
thnks fr th mmrs,fall out boy
what ive done,linkin park
summer love,justin timberlake
you,lloyd featuring lil wayne
wait for you,elliott yamin
last night,diddy featuring keyshia cole
make it rain,fat joe featuring lil wayne
make me better,fabolous featuring neyo
ice box,omarion featuring timbaland
lips of an angel,hinder
waiting on the world to change,john mayer
lost without u,robin thicke
im a flirt,r kelly featuring ti and tpain
if everyone cared,nickelback
get it shawty,lloyd
face down,the red jumpsuit apparatus
the way i live,baby boy da prince
shortie like mine,bow wow featuring chris brown and johnt'a austin
it ends tonight,the allamerican rejects
a bay bay,hurricane chris
because of you,neyo
i tried,bone thugsnharmony featuring akon
welcome to the black parade,my chemical romance
shawty,plies featuring tpain
chasing cars,snow patrol
beautiful liar,beyonce featuring shakira
sexyback,justin timberlake
keep holding on,avril lavigne
let it go,keyshia cole featuring missy elliott and lil kim
apologize,timbaland featuring onerepublic
bubbly,colbie caillat
like a boy,ciara
who knew,pink
never again,kelly clarkson
promise,ciara
bed,j holiday
throw some ds,rich boy featuring polow da don
rehab,amy winehouse
big shit poppin do it,ti
no one,alicia keys
the great escape,boys like girls
2 step,unk
walk away remember me,paula deanda featuring the dey
go getta,young jeezy featuring r kelly
here in your arms,hellogoodbye
on the hotline,pretty ricky
wind it up,gwen stefani
cyclone,baby bash featuring tpain
break it off,rihanna featuring sean paul
first time,lifehouse
ayo technology,50 cent featuring justin timberlake and timbaland
outta my system,bow wow featuring tpain and johnt'a austin
teardrops on my guitar,taylor swift
shut up and drive,rihanna
snow hey oh,red hot chili peppers
money maker,ludacris featuring pharrell
kiss kiss,chris brown featuring tpain
far away,nickelback
rock yo hips,crime mob and lil scrappy
lovestoned,justin timberlake
better than me,hinder
paralyzer,finger eleven
thats that,snoop dogg featuring r kelly
same girl,r kelly featuring usher
low,flo rida featuring tpain
bleeding love,leona lewis
no one,alicia keys
lollipop,lil wayne featuring static major
apologize,timbaland featuring onerepublic
no air,jordin sparks and chris brown
love song,sara bareilles
love in this club,usher featuring young jeezy
with you,chris brown
forever,chris brown
sexy can i,ray j featuring yung berg
take a bow,rihanna
viva la vida,coldplay
i kissed a girl,katy perry
whatever you like,ti
disturbia,rihanna
dont stop the music,rihanna
pocketful of sunshine,natasha bedingfield
kiss kiss,chris brown featuring tpain
closer,neyo
bubbly,colbie caillat
touch my body,mariah carey
4 minutes,madonna featuring justin timberlake and timbaland
so what,pink
paralyzer,finger eleven
clumsy,fergie
im yours,jason mraz
leavin,jesse mccartney
dangerous,kardinal offishall featuring akon
tattoo,jordin sparks
see you again,miley cyrus
shake it,metro station
stop and stare,onerepublic
take you there,sean kingston
paper planes,mia
hot n cold,katy perry
live your life,ti featuring rihanna
bust it baby part 2,plies featuring neyo
american boy,estelle featuring kanye west
got money,lil wayne featuring tpain
our song,taylor swift
damaged,danity kane
a milli,lil wayne
sorry,buckcherry
independent,webbie featuring lil boosie and lil phat
cant believe it,tpain featuring lil wayne
like youll never see me again,alicia keys
teardrops on my guitar,taylor swift
when i grow up,pussycat dolls
sexual eruption,snoop dogg
what you got,colby odonis featuring akon
its not my time,3 doors down
better in time,leona lewis
crank that soulja boy,soulja boy tell em
shadow of the day,linkin park
sweetest girl dollar bill,wyclef jean featuring akon lil wayne and niia
miss independent,neyo
fall for you,secondhand serenade
in the ayer,flo rida featuring william
say,john mayer
one step at a time,jordin sparks
hate that i love you,rihanna featuring neyo
superstar,lupe fiasco featuring matthew santos
suffocate,j holiday
let it rock,kevin rudolf featuring lil wayne
get like me,david banner featuring chris brown
realize,colbie caillat
put on,young jeezy featuring kanye west
the time of my life,david cook
lolli lolli pop that body,three 6 mafia
cyclone,baby bash featuring tpain
love like this,natasha bedingfield featuring sean kingston
burnin up,jonas brothers featuring big rob
love lockdown,kanye west
i luv your girl,thedream
crush,david archuleta
hypnotized,plies featuring akon
big girls dont cry,fergie
good life,kanye west featuring tpain
womanizer,britney spears
love story,taylor swift
just fine,mary j blige
piece of me,britney spears
the boss,rick ross featuring tpain
all summer long,kid rock
cant help but wait,trey songz
in love with a girl,gavin degraw
my life,the game featuring lil wayne
i remember,keyshia cole
flashing lights,kanye west featuring dwele
mrs officer,lil wayne featuring bobby valentino
7 things,miley cyrus
youre gonna miss this,trace adkins
love remains the same,gavin rossdale
feels like tonight,daughtry
the way i are,timbaland featuring keri hilson
addicted,saving abel
into the night,santana featuring chad kroeger
heaven sent,keyshia cole
she got it,2 pistols featuring tpain and tay dizm
boom boom pow,the black eyed peas
poker face,lady gaga
just dance,lady gaga featuring colby odonis
i gotta feeling,the black eyed peas
love story,taylor swift
right round,flo rida
im yours,jason mraz
single ladies put a ring on it,beyonce
heartless,kanye west
gives you hell,the allamerican rejects
you belong with me,taylor swift
dead and gone,ti featuring justin timberlake
you found me,the fray
use somebody,kings of leon
knock you down,keri hilson featuring kanye west and neyo
blame it,jamie foxx featuring tpain
i know you want me calle ocho,pitbull
live your life,ti featuring rihanna
kiss me thru the phone,soulja boy tell em featuring sammie
down,jay sean featuring lil wayne
the climb,miley cyrus
best i ever had,drake
my life would suck without you,kelly clarkson
halo,beyonce
hot n cold,katy perry
second chance,shinedown
circus,britney spears
day n nite,kid cudi
party in the usa,miley cyrus
dont trust me,3oh3
run this town,jayz featuring rihanna and kanye west
let it rock,kevin rudolf featuring lil wayne
fire burning,sean kingston
whatcha say,jason derulo
lovegame,lady gaga
waking up in vegas,katy perry
birthday sex,jeremih
sober,pink
womanizer,britney spears
whatever you like,ti
obsessed,mariah carey
mad,neyo
good girls go bad,cobra starship featuring leighton meester
love lockdown,kanye west
so what,pink
hotel room service,pitbull
crack a bottle,eminem dr dre and 50 cent
if i were a boy,beyonce
turnin me on,keri hilson featuring lil wayne
i hate this part,pussycat dolls
gotta be somebody,nickelback
please dont leave me,pink
paparazzi,lady gaga
beautiful,akon featuring colby odonis and kardinal offishall
viva la vida,coldplay
right now na na na,akon
battlefield,jordin sparks
sugar,flo rida featuring wynter gordon
miss independent,neyo
fireflies,owl city
new divide,linkin park
empire state of mind,jayz and alicia keys
no surprise,daughtry
she wolf,shakira
break up,mario featuring gucci mane and sean garrett
sweet dreams,beyonce
every girl,young money
fallin for you,colbie caillat
untouched,the veronicas
if today was your last day,nickelback
throw it in the bag,fabolous featuring thedream
love drunk,boys like girls
i love college,asher roth
if u seek amy,britney spears
big green tractor,jason aldean
white horse,taylor swift
disturbia,rihanna
21 guns,green day
turn my swag on,soulja boy tell em
rockin that thang,thedream
chicken fried,zac brown band
diva,beyonce
replay,iyaz
then,brad paisley
her diamonds,rob thomas
how do you sleep,jesse mccartney featuring ludacris
3,britney spears
forever,drake featuring kanye west lil wayne and eminem
one time,justin bieber
i run to you,lady antebellum
i do not hook up,kelly clarkson
green light,john legend featuring andre 3000
people are crazy,billy currington
whatever it is,zac brown band
already gone,kelly clarkson
goodbye,kristinia debarge
say hey i love you,michael franti  spearhead featuring cherine anderson
pop champagne,jim jones featuring ron browz and juelz santana
pretty wings,maxwell
never say never,the fray
tik tok,keha
need you now,lady antebellum
hey soul sister,train
california gurls,katy perry featuring snoop dogg
omg,usher featuring william
airplanes,bob featuring hayley williams
love the way you lie,eminem featuring rihanna
bad romance,lady gaga
dynamite,taio cruz
break your heart,taio cruz featuring ludacris
nothin on you,bob featuring bruno mars
i like it,enrique iglesias featuring pitbull
bedrock,young money featuring lloyd
in my head,"jason der""ulo"
rude boy,rihanna
telephone,lady gaga featuring beyonce
teenage dream,katy perry
just the way you are,bruno mars
cooler than me,mike posner
imma be,the black eyed peas
empire state of mind,jayz and alicia keys
dj got us fallin in love,usher featuring pitbull
billionaire,travie mccoy featuring bruno mars
not afraid,eminem
replay,iyaz
sexy bitch,david guetta featuring akon
breakeven,the script
your love is my drug,keha
i gotta feeling,the black eyed peas
fireflies,owl city
say aah,trey songz featuring fabolous
find your love,drake
alejandro,lady gaga
ridin solo,"jason der""ulo"
just a dream,nelly
how low,ludacris
like a g6,far east movement featuring the cataracs and dev
carry out,timbaland featuring justin timberlake
havent met you yet,michael buble
club cant handle me,flo rida featuring david guetta
down,jay sean featuring lil wayne
bulletproof,la roux
whatcha say,"jason der""ulo"
baby,justin bieber featuring ludacris
whataya want from me,adam lambert
mine,taylor swift
only girl in the world,rihanna
live like were dying,allen kriskris allen
hard,rihanna featuring jeezy
young forever,jayz featuring mr hudson
blah blah blah,keha featuring 3oh3
bottoms up,trey songz featuring nicki minaj
do you remember,jay sean featuring sean paul and lil jon
all the right moves,onerepublic
according to you,orianthi
my chick bad,ludacris featuring nicki minaj
you belong with me,taylor swift
meet me halfway,the black eyed peas
take it off,keha
over,drake
animal,neon trees
misery,maroon 5
magic,bob featuring rivers cuomo
paparazzi,lady gaga
tie me down,new boyz featuring ray j
your love,nicki minaj
party in the usa,miley cyrus
deuces,chris brown featuring tyga and kevin mccall
3,britney spears
impossible,shontelle
forever,drake featuring kanye west lil wayne and eminem
two is better than one,boys like girls featuring taylor swift
my first kiss,3oh3 featuring keha
already gone,kelly clarkson
rock that body,the black eyed peas
secrets,onerepublic
naturally,selena gomez  the scene
unthinkable im ready,alicia keys
all i do is win,dj khaled featuring tpain ludacris snoop dogg and rick ross
i made it cash money heroes,kevin rudolf featuring birdman jay sean and lil wayne
stuck like glue,sugarland
hey daddy daddys home,usher featuring plies
there goes my baby,usher
today was a fairytale,taylor swift
say something,timbaland featuring drake
sweet dreams,beyonce
use somebody,kings of leon
undo it,carrie underwood
eenie meenie,sean kingston and justin bieber
right above it,lil wayne featuring drake
the house that built me,miranda lambert
if i die young,the band perry
the only exception,paramore
american honey,lady antebellum
king of anything,sara bareilles
life after you,daughtry
smile,uncle kracker
teach me how to dougie,cali swag district
try sleeping with a broken heart,alicia keys
lover lover,jerrod niemann
rolling in the deep,adele
party rock anthem,lmfao featuring lauren bennett and goonrock
firework,katy perry
et,katy perry featuring kanye west
give me everything,pitbull featuring neyo afrojack and nayer
grenade,bruno mars
fuck you,cee lo green
super bass,nicki minaj
moves like jagger,maroon 5 featuring christina aguilera
just cant get enough,the black eyed peas
on the floor,jennifer lopez featuring pitbull
sm,rihanna
pumped up kicks,foster the people
last friday night tgif,katy perry
just the way you are,bruno mars
tonight im lovin you,enrique iglesias featuring ludacris and dj frank e
raise your glass,pink
born this way,lady gaga
fuckin perfect,pink
whats my name,rihanna featuring drake
look at me now,chris brown featuring lil wayne and busta rhymes
down on me,jeremih featuring 50 cent
how to love,lil wayne
someone like you,adele
good life,onerepublic
the lazy song,bruno mars
till the world ends,britney spears
the show goes on,lupe fiasco
the edge of glory,lady gaga
we r who we r,keha
black and yellow,wiz khalifa
tonight tonight,hot chelle rae
blow,keha
lighters,bad meets evil featuring bruno mars
if i die young,the band perry
stereo hearts,gym class heroes featuring adam levine
the time dirty bit,the black eyed peas
coming home,diddy  dirty money featuring skylar grey
hey baby drop it to the floor,pitbull featuring tpain
only girl in the world,rihanna
6 foot 7 foot,lil wayne featuring cory gunz
just a kiss,lady antebellum
dirt road anthem,jason aldean
dynamite,taio cruz
no hands,waka flocka flame featuring wale and roscoe dash
i wanna go,britney spears
im on one,dj khaled featuring drake rick ross and lil wayne
you make me feel,cobra starship featuring sabi
yeah 3x,chris brown
moment 4 life,nicki minaj featuring drake
i need a doctor,dr dre featuring eminem and skylar grey
just a dream,nelly
motivation,kelly rowland featuring lil wayne
stereo love,edward maya featuring vika jigulina
jar of hearts,christina perri
roll up,wiz khalifa
sexy and i know it,lmfao
rocketeer,far east movement featuring ryan tedder
all of the lights,kanye west featuring rihanna
hold it against me,britney spears
more,usher
what the hell,avril lavigne
written in the stars,tinie tempah featuring eric turner
bottoms up,trey songz featuring nicki minaj
dj got us fallin in love,usher featuring pitbull
for the first time,the script
honey bee,blake shelton
dont you wanna stay,jason aldean featuring kelly clarkson
we found love,rihanna featuring calvin harris
pretty girl rock,keri hilson
"yo""u and i",lady gaga
like a g6,far east movement featuring the cataracs and dev
without you,david guetta featuring usher
back to december,taylor swift
teenage dream,katy perry
crazy girl,eli young band
cheers drink to that,rihanna
who says,selena gomez  the scene
barefoot blue jean night,jake owen
knee deep,zac brown band featuring jimmy buffett
country girl shake it for me,luke bryan
remind me,brad paisley and carrie underwood
in the dark,dev
backseat,new boyz featuring the cataracs and dev
headlines,drake
best thing i never had,beyonce
dont wanna go home,jason derulo
where them girls at,david guetta featuring flo rida and nicki minaj
she aint you,chris brown
take a back road,rodney atkins
please dont go,mike posner
sure thing,miguel
price tag,jessie j featuring bob
god gave me you,blake shelton
she will,lil wayne featuring drake
are you gonna kiss me or not,thompson square
animal,neon trees
you and tequila,kenny chesney featuring grace potter
colder weather,zac brown band
my last,big sean featuring chris brown
somebody that i used to know,gotye featuring kimbra
call me maybe,carly rae jepsen
we are young,fun featuring janelle mon'ae
payphone,maroon 5 featuring wiz khalifa
lights,ellie goulding
glad you came,the wanted
stronger what doesnt kill you,kelly clarkson
we found love,rihanna featuring calvin harris
starships,nicki minaj
what makes you beautiful,one direction
wild ones,flo rida featuring sia
set fire to the rain,adele
sexy and i know it,lmfao
some nights,fun
wide awake,katy perry
good feeling,flo rida
whistle,flo rida
one more night,maroon 5
drive by,train
the motto,drake featuring lil wayne
where have you been,rihanna
everybody talks,neon trees
take care,drake featuring rihanna
titanium,david guetta featuring sia
i wont give up,jason mraz
it will rain,bruno mars
mercy,kanye west big sean pusha t and 2 chainz
boyfriend,justin bieber
party rock anthem,lmfao featuring lauren bennett and goonrock
too close,alex clare
part of me,katy perry
young wild  free,snoop dogg and wiz khalifa featuring bruno mars
we are never ever getting back together,taylor swift
as long as you love me,justin bieber featuring big sean
turn me on,david guetta featuring nicki minaj
moves like jagger,maroon 5 featuring christina aguilera
blow me one last kiss,pink
good time,owl city and carly rae jepsen
give your heart a break,demi lovato
niggas in paris,jayz and kanye west
the one that got away,katy perry
feel so close,calvin harris
someone like you,adele
scream,usher
rack city,tyga
domino,jessie j
gangnam style,psy
international love,pitbull featuring chris brown
home,phillip phillips
without you,david guetta featuring usher
ass back home,gym class heroes featuring neon hitch
wanted,hunter hayes
drunk on you,luke bryan
no lie,2 chainz featuring drake
want u back,cher lloyd
dont wake me up,chris brown
dance a,big sean featuring nicki minaj
springsteen,eric church
brokenhearted,karmin
not over you,gavin degraw
stereo hearts,gym class heroes featuring adam levine
back in time,pitbull
work out,j cole
rumour has it,adele
lets go,calvin harris featuring neyo
good girl,carrie underwood
pontoon,little big town
ho hey,the lumineers
paradise,coldplay
blown away,carrie underwood
rolling in the deep,adele
climax,usher
work hard play hard,wiz khalifa
let me love you until you learn to love yourself,neyo
pound the alarm,nicki minaj
come over,kenny chesney
heart attack,trey songz
drank in my cup,kirko bangz
birthday cake,rihanna featuring chris brown
so good,bob
50 ways to say goodbye,train
red solo cup,toby keith
love you like a love song,selena gomez  the scene
turn up the music,chris brown
die young,keha
5 oclock,tpain featuring wiz khalifa and lily allen
a thousand years,christina perri
take a little ride,jason aldean
you da one,rihanna
we run the night,havana brown featuring pitbull
its time,imagine dragons
cashin out,cah out
i dont want this night to end,luke bryan
diamonds,rihanna
hard to love,lee brice
somethin bout a truck,kip moore
adorn,miguel
fly over states,jason aldean
even if it breaks your heart,eli young band
burn it down,linkin park
thrift shop,macklemore and ryan lewis featuring wanz
blurred lines,robin thicke featuring ti and pharrell williams
radioactive,imagine dragons
harlem shake,baauer
cant hold us,macklemore and ryan lewis featuring ray dalton
mirrors,justin timberlake
just give me a reason,pink featuring nate ruess
when i was your man,bruno mars
cruise,florida georgia line featuring nelly
roar,katy perry
locked out of heaven,bruno mars
ho hey,the lumineers
stay,rihanna featuring mikky ekko
get lucky,daft punk featuring pharrell williams
royals,lorde
i knew you were trouble,taylor swift
we cant stop,miley cyrus
wrecking ball,miley cyrus
wake me up,avicii
suit  tie,justin timberlake featuring jayz
cups pitch perfects when im gone,anna kendrick
holy grail,jay z featuring justin timberlake
scream  shout,william featuring britney spears
clarity,zedd featuring foxes
sail,awolnation
dont you worry child,swedish house mafia featuring john martin
diamonds,rihanna
i love it,icona pop featuring charli xcx
safe and sound,capital cities
treasure,bruno mars
the way,ariana grande featuring mac miller
started from the bottom,drake
come  get it,selena gomez
hold on were going home,drake featuring majid jordan
daylight,maroon 5
feel this moment,pitbull featuring christina aguilera
applause,lady gaga
one more night,maroon 5
love me,lil wayne featuring drake and future
my songs know what you did in the dark light em up,fall out boy
fuckin problems,asap rocky featuring drake 2 chainz and kendrick lamar
beauty and a beat,justin bieber featuring nicki minaj
same love,macklemore and ryan lewis featuring mary lambert
sweet nothing,calvin harris featuring florence welch
summertime sadness,lana del rey and cedric gervais
home,phillip phillips
its time,imagine dragons
power trip,j cole featuring miguel
girl on fire,alicia keys
heart attack,demi lovato
love somebody,maroon 5
i will wait,mumford  sons
try,pink
wagon wheel,darius rucker
gangnam style,psy
i need your love,calvin harris featuring ellie goulding
die young,kesha
some nights,fun
bad,wale featuring tiara thomas
boys round here,blake shelton featuring pistol annies and friends
gone gone gone,phillip phillips
demons,imagine dragons
counting stars,onerepublic
i cry,flo rida
little talks,of monsters and men
the other side,jason derulo
berzerk,eminem
catch my breath,kelly clarkson
crash my party,luke bryan
pour it up,rihanna
22,taylor swift
i want crazy,hunter hayes
the fox what does the fox say,ylvis
best song ever,one direction
the a team,ed sheeran
carry on,fun
highway dont care,tim mcgraw featuring taylor swift and keith urban
thats my kind of night,luke bryan
swimming pools drank,kendrick lamar
sure be cool if you did,blake shelton
beautiful,mariah carey featuring miguel
troublemaker,olly murs featuring flo rida
body party,ciara
adorn,miguel
hall of fame,the script featuring william
let me love you until you learn to love yourself,neyo
uoeno,rocko featuring future and rick ross
next to me,emeli sande
mamas broken heart,miranda lambert
it goes like this,thomas rhett
bugatti,ace hood featuring future and rick ross
wanted,hunter hayes
downtown,lady antebellum
get your shine on,florida georgia line
thatpower,william featuring justin bieber
brave,sara bareilles
let her go,passenger
runnin outta moonlight,randy houser
im different,2 chainz
still into you,paramore
happy,pharrell williams
dark horse,katy perry featuring juicy j
all of me,john legend
fancy,iggy azalea featuring charli xcx
counting stars,onerepublic
talk dirty,jason derulo featuring 2 chainz
rude,magic
all about that bass,meghan trainor
problem,ariana grande featuring iggy azalea
stay with me,sam smith
timber,pitbull featuring kesha
pompeii,bastille
shake it off,taylor swift
am i wrong,nico  vinz
turn down for what,dj snake and lil jon
the monster,eminem featuring rihanna
say something,a great big world and christina aguilera
team,lorde
let her go,passenger
royals,lorde
let it go,idina menzel
wake me up,avicii
demons,imagine dragons
story of my life,one direction
chandelier,sia
black widow,iggy azalea featuring rita ora
bang bang,jessie j ariana grande and nicki minaj
latch,disclosure featuring sam smith
maps,maroon 5
loyal,chris brown featuring lil wayne and french montana too short or tyga
best day of my life,american authors
habits stay high,tove lo
summer,calvin harris
boom clap,charli xcx
drunk in love,beyonce featuring jay z
anaconda,nicki minaj
break free,ariana grande featuring zedd
bailando,enrique iglesias featuring descemer bueno and gente de zona
burn,ellie goulding
wiggle,jason derulo featuring snoop dogg
rather be,clean bandit featuring jess glynne
dont tell em,jeremih featuring yg
show me,kid ink featuring chris brown
wrecking ball,miley cyrus
not a bad thing,justin timberlake
roar,katy perry
aint it fun,paramore
the man,aloe blacc
this is how we roll,florida georgia line featuring luke bryan
classic,mkto
a sky full of stars,coldplay
dont,ed sheeran
na na,trey songz
hot boy,bobby shmurda
hold on were going home,drake featuring majid jordan
sing,ed sheeran
radioactive,imagine dragons
my hitta,yg featuring jeezy and rich homie quan
cool kids,echosmith
hey brother,avicii
trumpets,jason derulo
animals,maroon 5
burnin it down,jason aldean
play it again,luke bryan
2 on,tinashe featuring schoolboy q
dirt,florida georgia line
love runs out,onerepublic
bottoms up,brantley gilbert
shower,becky g
me and my broken heart,rixton
animals,martin garrix
lifestyle,rich gang featuring young thug and rich homie quan
american kids,kenny chesney
brave,sara bareilles
sweater weather,the neighbourhood
leave the night on,sam hunt
new flame,chris brown featuring usher and rick ross
love never felt so good,michael jackson and justin timberlake
drunk on a plane,dierks bentley
birthday,katy perry
bartender,lady antebellum
la la la,naughty boy featuring sam smith
blurred lines,robin thicke featuring ti and pharrell
do what u want,lady gaga featuring r kelly
cant remember to forget you,shakira featuring rihanna
amnesia,5 seconds of summer
no mediocre,ti featuring iggy azalea
come with me now,kongos
believe me,lil wayne featuring drake
23,mike will madeit featuring miley cyrus wiz khalifa and juicy j
beachin,jake owen
white walls,macklemore  ryan lewis featuring schoolboy q and hollis
she looks so perfect,5 seconds of summer
stay the night,zedd featuring hayley williams
partition,beyonce
studio,schoolboy q featuring bj the chicago kid
0 to 100  the catch up,drake
i dont dance,lee brice
somethin bad,miranda lambert and carrie underwood
adore you,miley cyrus
uptown funk,mark ronson featuring bruno mars
thinking out loud,ed sheeran
see you again,wiz khalifa featuring charlie puth
trap queen,fetty wap
sugar,maroon 5
shut up and dance,walk the moon
blank space,taylor swift
watch me,silento
earned it,the weeknd
the hills,the weeknd
cheerleader,omi
cant feel my face,the weeknd
love me like you do,ellie goulding
take me to church,hozier
bad blood,taylor swift featuring kendrick lamar
lean on,major lazer and dj snake featuring mo
want to want me,jason derulo
shake it off,taylor swift
"where are ""u now",skrillex and diplo featuring justin bieber
fight song,rachel platten
679,fetty wap featuring remy boyz
lips are movin,meghan trainor
worth it,fifth harmony featuring kid ink
post to be,omarion featuring chris brown and jhene aiko
honey im good,andy grammer
im not the only one,sam smith
good for you,selena gomez featuring aap rocky
all about that bass,meghan trainor
style,taylor swift
hotline bling,drake
hey mama,david guetta featuring nicki minaj bebe rexha and afrojack
gdfr,flo rida featuring sage the gemini and lookas
what do you mean,justin bieber
photograph,ed sheeran
hello,adele
stitches,shawn mendes
talking body,tove lo
jealous,nick jonas
time of our lives,pitbull and neyo
locked away,r city featuring adam levine
somebody,natalie la rose featuring jeremih
fourfiveseconds,rihanna kanye west and paul mccartney
centuries,fall out boy
my way,fetty wap featuring monty
take your time,sam hunt
animals,maroon 5
i dont fuck with you,big sean featuring e40
bitch better have my money,rihanna
flex ooh ooh ooh,rich homie quan
nasty freestyle,twayne
only,nicki minaj featuring drake lil wayne and chris brown
elastic heart,sia
cool for the summer,demi lovato
renegades,x ambassadors
i dont mind,usher featuring juicy j
love me harder,ariana grande and the weeknd
wildest dreams,taylor swift
stay with me,sam smith
you know you like it,dj snake and alunageorge
uma thurman,fall out boy
711,beyonce
the heart wants what it wants,selena gomez
girl crush,little big town
slow motion,trey songz
drag me down,one direction
truffle butter,nicki minaj featuring drake and lil wayne
one last time,ariana grande
chains,nick jonas
all eyes on you,meek mill featuring chris brown and nicki minaj
no type,rae sremmurd
riptide,vance joy
classic man,jidenna featuring roman gianarthur
exs  ohs,elle king
dear future husband,meghan trainor
marvin gaye,charlie puth featuring meghan trainor
like im gonna lose you,meghan trainor featuring john legend
habits stay high,tove lo
the hanging tree,james newton howard featuring jennifer lawrence
coco,ot genasis
bang bang,jessie j ariana grande and nicki minaj
lay me down,sam smith
tuesday,ilovemakonnen featuring drake
hit the quan,ilovememphis
downtown,macklemore and ryan lewis featuring eric nally melle mel kool moe dee and grandmaster caz
house party,sam hunt
ayo,chris brown and tyga
kick the dust up,luke bryan
blessings,big sean featuring drake
budapest,george ezra
chandelier,sia
heartbeat song,kelly clarkson
dont,ed sheeran
ghost,ella henderson
here,alessia cara
waves,mr probz
el perdon,nicky jam and enrique iglesias
she knows,neyo featuring juicy j
night changes,one direction
back to back,drake
how deep is your love,calvin harris and disciples
